{"accuracy": 0.9965797589010373, "classification_report": {"0": {"precision": 0.9961894052973513, "recall": 1.0, "f1-score": 0.9980910655609451, "support": 15947.0}, "1": {"precision": 1.0, "recall": 1.0, "f1-score": 1.0, "support": 1789.0}, "2": {"precision": 1.0, "recall": 0.3838383838383838, "f1-score": 0.5547445255474452, "support": 99.0}, "accuracy": 0.9965797589010373, "macro avg": {"precision": 0.9987298017657839, "recall": 0.7946127946127945, "f1-score": 0.8509451970361303, "support": 17835.0}, "weighted avg": {"precision": 0.9965927920536507, "recall": 0.9965797589010373, "f1-score": 0.9958215828724186, "support": 17835.0}}}